GEOID,SUMLEV,STATE,COUNTY,CBSA,CSA,NECTA,CNECTA,NAME,POP100,HU100,POP100.2000,HU100.2000,P001001,P001001.2000
2400125,160,24,,,,,,Aberdeen city,14959,6191,13842,5894,14959,13842
2400175,160,24,,,,,,Aberdeen Proving Ground CDP,2093,754,3116,902,2093,3116
2400225,160,24,,,,,,Accident town,325,173,353,162,325,353
2400250,160,24,,,,,,Accokeek CDP,10573,3816,7349,2562,10573,7349
2400350,160,24,,,,,,Adamstown CDP,2372,722,,,2372,
2400400,160,24,,,,,,Adelphi CDP,15086,5526,14998,5627,15086,14998
2400712,160,24,,,,,,Algonquin CDP,1241,618,1361,606,1241,1361
2400800,160,24,,,,,,Allen CDP,210,82,,,210,
2401450,160,24,,,,,,Andrews AFB CDP,2973,1385,7925,2133,2973,7925
2401600,160,24,,,,,,Annapolis city,38394,17845,35838,16165,38394,35838
2401635,160,24,,,,,,Annapolis Neck CDP,10950,4857,,,10950,
2401750,160,24,,,,,,Antietam CDP,89,47,,,89,
2401925,160,24,,,,,,Aquasco CDP,981,424,,,981,
2401975,160,24,,,,,,Arbutus CDP,20483,8563,20116,8380,20483,20116
2402025,160,24,,,,,,Arden on the Severn CDP,1953,782,1971,759,1953,1971
2402275,160,24,,,,,,Arnold CDP,23106,8766,23422,8623,23106,23422
2402762,160,24,,,,,,Ashton-Sandy Spring CDP,5628,1936,3437,1282,5628,3437
2402825,160,24,,,,,,Aspen Hill CDP,48759,17339,50228,18565,48759,50228
2403500,160,24,,,,,,Baden CDP,2128,811,,,2128,
2403514,160,24,,,,,,Bagtown CDP,333,133,,,333,
2403575,160,24,,,,,,Bakersville CDP,30,13,,,30,
2403800,160,24,,,,,,Ballenger Creek CDP,18274,7372,13518,5406,18274,13518
2404000,160,24,,,,,,Baltimore city,620961,296685,651154,300477,620961,651154
2404050,160,24,,,,,,Baltimore Highlands CDP,7019,2708,,,7019,
2404250,160,24,,,,,,Barclay town,120,57,143,60,120,143
2404475,160,24,,,,,,Barnesville town,172,71,161,65,172,161
2404525,160,24,,,,,,Barrelville CDP,73,28,,,73,
2404625,160,24,,,,,,Barton town,457,225,478,233,457,478
2404650,160,24,,,,,,Bartonsville CDP,1451,528,,,1451,
2405250,160,24,,,,,,Beaver Creek CDP,251,107,,,251,
2405525,160,24,,,,,,Bel Air CDP,1258,568,,,1258,
2405550,160,24,,,,,,Bel Air town,10120,4744,10080,4444,10120,10080
2405825,160,24,,,,,,Bel Air North CDP,30568,10985,25798,8978,30568,25798
2405950,160,24,,,,,,Bel Air South CDP,47709,18795,39711,15267,47709,39711
2406400,160,24,,,,,,Beltsville CDP,16772,5921,15690,5865,16772,15690
2406550,160,24,,,,,,Benedict CDP,261,142,,,261,
2406615,160,24,,,,,,Bensville CDP,11923,4002,7325,2493,11923,7325
2406800,160,24,,,,,,Berlin town,4485,1953,3491,1427,4485,3491
2406925,160,24,,,,,,Berwyn Heights town,3123,1051,2942,1047,3123,2942
2407125,160,24,,,,,,Bethesda CDP,60858,27470,55277,24368,60858,55277
2407200,160,24,,,,,,Betterton town,345,317,376,277,345,376
2407285,160,24,,,,,,Bier CDP,173,88,,,173,
2407375,160,24,,,,,,Big Pool CDP,82,31,,,82,
2407400,160,24,,,,,,Big Spring CDP,84,40,,,84,
2407625,160,24,,,,,,Bishopville CDP,531,241,,,531,
2407675,160,24,,,,,,Bivalve CDP,201,125,,,201,
2407850,160,24,,,,,,Bladensburg town,9148,3826,7661,3443,9148,7661
2408050,160,24,,,,,,Bloomington CDP,305,134,,,305,
2408625,160,24,,,,,,Boonsboro town,3336,1327,2803,1109,3336,2803
2408775,160,24,,,,,,Bowie city,54727,20687,50269,18718,54727,50269
2408800,160,24,,,,,,Bowleys Quarters CDP,6755,2909,6314,2721,6755,6314
2408850,160,24,,,,,,Bowling Green CDP,1077,533,,,1077,
2408862,160,24,,,,,,Bowmans Addition CDP,627,263,,,627,
2409100,160,24,,,,,,Braddock Heights CDP,2608,1124,4627,1733,2608,4627
2409325,160,24,,,,,,Brandywine CDP,6719,2386,1410,501,6719,1410
2409400,160,24,,,,,,Breathedsville CDP,254,101,,,254,
2409500,160,24,,,,,,Brentwood town,3046,1046,2844,971,3046,2844
2410150,160,24,,,,,,Brock Hall CDP,9552,3363,,,9552,
2410225,160,24,,,,,,Brookeville town,134,57,120,46,134,120
2410475,160,24,,,,,,Brooklyn Park CDP,14373,5548,10938,4311,14373,10938
2410500,160,24,,,,,,Brookmont CDP,3468,1375,3202,1224,3468,3202
2410575,160,24,,,,,,Brookview town,60,31,65,27,60,65
2410650,160,24,,,,,,Broomes Island CDP,405,204,,,405,
2410800,160,24,,,,,,Brownsville CDP,89,42,,,89,
2410900,160,24,,,,,,Brunswick city,5870,2330,4894,1957,5870,4894
2410925,160,24,,,,,,Bryans Road CDP,7244,2694,4912,1903,7244,4912
2410950,160,24,,,,,,Bryantown CDP,655,257,,,655,
2411050,160,24,,,,,,Buckeystown CDP,1019,554,,,1019,
2411400,160,24,,,,,,Burkittsville town,151,74,171,76,151,171
2411750,160,24,,,,,,Burtonsville CDP,8323,2791,7305,2533,8323,7305
2411900,160,24,,,,,,Butlertown CDP,505,213,,,505,
2412075,160,24,,,,,,Cabin John CDP,2280,903,1734,688,2280,1734
2412150,160,24,,,,,,California CDP,11857,4697,9307,3735,11857,9307
2412300,160,24,,,,,,Calvert Beach CDP,808,323,,,808,
2412350,160,24,,,,,,Calverton CDP,17724,7358,12610,4661,17724,12610
2412400,160,24,,,,,,Cambridge city,12326,6228,10911,5230,12326,10911
2412600,160,24,,,,,,Camp Springs CDP,19096,7294,17968,6494,19096,17968
2412912,160,24,,,,,,Cape St. Claire CDP,8747,3315,8022,2932,8747,8022
2413000,160,24,,,,,,Capitol Heights town,4337,1622,4138,1603,4337,4138
2413225,160,24,,,,,,Carlos CDP,153,68,,,153,
2413325,160,24,,,,,,Carney CDP,29941,13970,28264,12477,29941,28264
2414125,160,24,,,,,,Catonsville CDP,41567,16464,39820,16054,41567,39820
2414225,160,24,,,,,,Cavetown CDP,1473,601,1486,589,1473,1486
2414300,160,24,,,,,,Cearfoss CDP,178,76,,,178,
2414325,160,24,,,,,,Cecilton town,663,264,474,212,663,474
2414800,160,24,,,,,,Cedarville CDP,717,387,,,717,
2414950,160,24,,,,,,Centreville town,4285,1694,1970,866,4285,1970
2415075,160,24,,,,,,Chance CDP,353,262,377,254,353,377
2415400,160,24,,,,,,Charlestown town,1183,550,1019,451,1183,1019
2415475,160,24,,,,,,Charlotte Hall CDP,1420,344,1214,332,1420,1214
2415500,160,24,,,,,,Charlton CDP,171,59,,,171,
2415925,160,24,,,,,,Chesapeake Beach town,5753,2354,3180,1331,5753,3180
2415950,160,24,,,,,,Chesapeake City town,673,390,787,371,673,787
2416050,160,24,,,,,,Chesapeake Ranch Estates CDP,10519,3758,,,10519,
2416125,160,24,,,,,,Chester CDP,4167,1954,3723,1723,4167,3723
2416225,160,24,,,,,,Chestertown town,5252,2361,4746,2164,5252,4746
2416550,160,24,,,,,,Cheverly town,6173,2395,6433,2348,6173,6433
2416620,160,24,,,,,,Chevy Chase town,2824,1042,2726,1024,2824,2726
2416625,160,24,,,,,,Chevy Chase CDP,9545,4058,9381,3959,9545,9381
2416720,160,24,,,,,,Chevy Chase Section Five village,658,226,641,228,658,641
2416730,160,24,,,,,,Chevy Chase Section Three village,760,278,773,276,760,773
2416775,160,24,,,,,,Chevy Chase View town,920,311,863,306,920,863
2416787,160,24,,,,,,Chevy Chase Village town,1953,726,2043,718,1953,2043
2416800,160,24,,,,,,Chewsville CDP,238,118,293,125,238,293
2416875,160,24,,,,,,Chillum CDP,33513,11452,34252,12524,33513,34252
2417000,160,24,,,,,,Choptank CDP,129,75,,,129,
2417050,160,24,,,,,,Church Creek town,125,67,85,45,125,85
2417100,160,24,,,,,,Church Hill town,745,311,530,226,745,530
2417350,160,24,,,,,,Clarksburg CDP,13766,4352,1834,619,13766,1834
2417475,160,24,,,,,,Clarysville CDP,73,34,,,73,
2417600,160,24,,,,,,Clear Spring town,358,189,455,210,358,455
2417900,160,24,,,,,,Clinton CDP,35970,12859,26064,8962,35970,26064
2418150,160,24,,,,,,Cloverly CDP,15126,4996,7835,2540,15126,7835
2418200,160,24,,,,,,Cobb Island CDP,1166,674,,,1166,
2418250,160,24,,,,,,Cockeysville CDP,20776,10071,19388,9606,20776,19388
2418475,160,24,,,,,,Colesville CDP,14647,5023,19810,6615,14647,19810
2418750,160,24,,,,,,College Park city,30413,8212,24657,6245,30413,24657
2418850,160,24,,,,,,Colmar Manor town,1404,415,1257,411,1404,1257
2419125,160,24,,,,,,Columbia CDP,99615,41239,88254,35281,99615,88254
2419825,160,24,,,,,,Coral Hills CDP,9895,4217,10720,4177,9895,10720
2419900,160,24,,,,,,Cordova CDP,562,237,592,230,562,592
2419975,160,24,,,,,,Corriganville CDP,455,204,,,455,
2420050,160,24,,,,,,Cottage City town,1305,500,1136,503,1305,1136
2420500,160,24,,,,,,Crellin CDP,264,98,,,264,
2420525,160,24,,,,,,Cresaptown CDP,4592,1351,,,4592,
2420775,160,24,,,,,,Crisfield city,2726,1531,2723,1357,2726,2723
2420875,160,24,,,,,,Crofton CDP,27348,10525,20091,7573,27348,20091
2420925,160,24,,,,,,Croom CDP,2631,1028,,,2631,
2421075,160,24,,,,,,Crownsville CDP,1757,655,1670,516,1757,1670
2421325,160,24,,,,,,Cumberland city,20859,10914,21518,11143,20859,21518
2421475,160,24,,,,,,Damascus CDP,15257,5172,11430,3773,15257,11430
2421550,160,24,,,,,,Dames Quarter CDP,167,124,188,132,167,188
2421675,160,24,,,,,,Danville CDP,271,130,,,271,
2421750,160,24,,,,,,Dargan CDP,165,82,,,165,
2421800,160,24,,,,,,Darlington CDP,409,193,,,409,
2421825,160,24,,,,,,Darnestown CDP,6802,2275,6378,2064,6802,6378
2421925,160,24,,,,,,Dawson CDP,103,49,,,103,
2422050,160,24,,,,,,Deale CDP,4945,2171,4796,1942,4945,4796
2422100,160,24,,,,,,Deal Island CDP,471,348,578,352,471,578
2422275,160,24,,,,,,Deer Park town,399,175,405,181,399,405
2422600,160,24,,,,,,Delmar town,3003,1382,1859,807,3003,1859
2422725,160,24,,,,,,Denton town,4418,1791,2960,1264,4418,2960
2422775,160,24,,,,,,Derwood CDP,2381,852,,,2381,
2422825,160,24,,,,,,Detmold CDP,71,39,,,71,
2423025,160,24,,,,,,District Heights city,5837,2212,5958,2170,5837,5958
2423500,160,24,,,,,,Downsville CDP,355,145,,,355,
2423700,160,24,,,,,,Drum Point CDP,2731,1203,,,2731,
2423975,160,24,,,,,,Dundalk CDP,63597,26144,62306,26385,63597,62306
2424062,160,24,,,,,,Dunkirk CDP,2520,871,2363,773,2520,2363
2424200,160,24,,,,,,Eagle Harbor town,63,58,55,56,63,55
2424250,160,24,,,,,,Eakles Mill CDP,27,14,,,27,
2424450,160,24,,,,,,East New Market town,400,197,167,97,400,167
2424475,160,24,,,,,,Easton town,15945,7405,11708,5399,15945,11708
2424650,160,24,,,,,,East Riverdale CDP,15509,4604,14961,4778,15509,14961
2424825,160,24,,,,,,Eckhart Mines CDP,932,442,,,932,
2424850,160,24,,,,,,Eden CDP,823,369,793,335,823,793
2424925,160,24,,,,,,Edesville CDP,169,92,,,169,
2424950,160,24,,,,,,Edgemere CDP,8669,3653,9248,3764,8669,9248
2425000,160,24,,,,,,Edgemont CDP,231,102,,,231,
2425050,160,24,,,,,,Edgewater CDP,9023,3878,,,9023,
2425150,160,24,,,,,,Edgewood CDP,25562,9821,23378,8834,25562,23378
2425425,160,24,,,,,,Edmonston town,1445,483,959,330,1445,959
2425575,160,24,,,,,,Eldersburg CDP,30531,10844,27741,9382,30531,27741
2425600,160,24,,,,,,Eldorado town,59,26,60,29,59,60
2425750,160,24,,,,,,Elkridge CDP,15593,6066,22042,8719,15593,22042
2425800,160,24,,,,,,Elkton town,15443,5944,11893,4743,15443,11893
2425925,160,24,,,,,,Ellerslie CDP,572,260,,,572,
2426000,160,24,,,,,,Ellicott City CDP,65834,24672,56397,20789,65834,56397
2426025,160,24,,,,,,Elliott CDP,52,63,,,52,
2426200,160,24,,,,,,Emmitsburg town,2814,1070,2290,862,2814,2290
2426550,160,24,,,,,,Ernstville CDP,56,22,,,56,
2426600,160,24,,,,,,Essex CDP,39262,16635,39078,16997,39262,39078
2427250,160,24,,,,,,Fairland CDP,23681,9356,21738,8918,23681,21738
2427325,160,24,,,,,,Fairlee CDP,490,235,,,490,
2427375,160,24,,,,,,Fairmount CDP,457,267,537,275,457,537
2427400,160,24,,,,,,Fairmount Heights town,1494,589,1508,561,1494,1508
2427425,160,24,,,,,,Fairplay CDP,580,202,,,580,
2427500,160,24,,,,,,Fairview CDP,76,30,,,76,
2427580,160,24,,,,,,Fairwood CDP,5031,1643,,,5031,
2427700,160,24,,,,,,Fallston CDP,8958,3216,8427,2906,8958,8427
2427900,160,24,,,,,,Federalsburg town,2739,1191,2620,1130,2739,2620
2428075,160,24,,,,,,Ferndale CDP,16746,6625,16056,6443,16746,16056
2428275,160,24,,,,,,Finzel CDP,547,225,,,547,
2428300,160,24,,,,,,Fishing Creek CDP,163,122,,,163,
2428425,160,24,,,,,,Flintstone CDP,177,80,,,177,
2428640,160,24,,,,,,Forest Glen CDP,6582,2732,7344,3091,6582,7344
2428725,160,24,,,,,,Forest Heights town,2447,927,2585,945,2447,2585
2429000,160,24,,,,,,Forestville CDP,12353,4878,12707,4951,12353,12707
2429400,160,24,,,,,,Fort Meade CDP,9327,2731,9882,2813,9327,9882
2429450,160,24,,,,,,Fort Ritchie CDP,314,111,276,335,314,276
2429525,160,24,,,,,,Fort Washington CDP,23717,8681,23845,8621,23717,23845
2429712,160,24,,,,,,Fountainhead-Orchard Hills CDP,5666,2370,3844,1621,5666,3844
2429790,160,24,,,,,,Four Corners CDP,7945,2913,,,7945,
2430100,160,24,,,,,,Franklin CDP,290,100,,,290,
2430325,160,24,,,,,,Frederick city,65239,27559,52767,22106,65239,52767
2430567,160,24,,,,,,Frenchtown-Rumbly CDP,100,94,96,97,100,96
2430575,160,24,,,,,,Friendly CDP,9250,3272,10938,3636,9250,10938
2430650,160,24,,,,,,Friendship CDP,447,161,,,447,
2430800,160,24,,,,,,Friendship Heights Village CDP,4698,3265,,,4698,
2430850,160,24,,,,,,Friendsville town,491,272,539,266,491,539
2430900,160,24,,,,,,Frostburg city,9002,3497,7873,3123,9002,7873
2430950,160,24,,,,,,Fruitland city,4866,2045,3774,1594,4866,3774
2431025,160,24,,,,,,Fulton CDP,2049,751,,,2049,
2431100,160,24,,,,,,Funkstown town,904,460,983,464,904,983
2431175,160,24,,,,,,Gaithersburg city,59933,23337,52613,20674,59933,52613
2431225,160,24,,,,,,Galena town,612,284,428,202,612,428
2431250,160,24,,,,,,Galestown town,138,57,101,51,138,101
2431275,160,24,,,,,,Galesville CDP,684,325,,,684,
2431350,160,24,,,,,,Gambrills CDP,2800,1008,,,2800,
2431400,160,24,,,,,,Gapland CDP,109,43,,,109,
2431525,160,24,,,,,,Garrett Park town,992,401,917,356,992,917
2431575,160,24,,,,,,Garretts Mill CDP,234,106,,,234,
2431625,160,24,,,,,,Garrison CDP,8823,4102,7969,3696,8823,7969
2431875,160,24,,,,,,Georgetown CDP,143,60,,,143,
2432025,160,24,,,,,,Germantown CDP,86395,31807,55419,21568,86395,55419
2432175,160,24,,,,,,Gilmore CDP,127,58,,,127,
2432250,160,24,,,,,,Girdletree CDP,149,81,117,56,149,117
2432350,160,24,,,,,,Glassmanor CDP,17295,7348,,,17295,
2432500,160,24,,,,,,Glenarden city,6000,2256,6318,2167,6000,6318
2432650,160,24,,,,,,Glen Burnie CDP,67639,28013,38922,15902,67639,38922
2432900,160,24,,,,,,Glen Echo town,255,100,242,93,255,242
2433250,160,24,,,,,,Glenmont CDP,13529,4848,,,13529,
2433400,160,24,,,,,,Glenn Dale CDP,13466,4429,12609,4165,13466,12609
2433850,160,24,,,,,,Golden Beach CDP,3796,1389,2665,970,3796,2665
2433950,160,24,,,,,,Goldsboro town,246,97,216,84,246,216
2434150,160,24,,,,,,Gorman CDP,106,54,,,106,
2434425,160,24,,,,,,Grahamtown CDP,364,178,,,364,
2434525,160,24,,,,,,Grantsville town,766,397,619,298,766,619
2434550,160,24,,,,,,Grasonville CDP,3425,1399,2193,948,3425,2193
2434775,160,24,,,,,,Greenbelt city,23068,10433,21456,10180,23068,21456
2435200,160,24,,,,,,Greensboro town,1931,798,1632,674,1931,1632
2435225,160,24,,,,,,Greensburg CDP,229,96,,,229,
2436075,160,24,,,,,,Hagerstown city,39662,18682,36687,17089,39662,36687
2436125,160,24,,,,,,Halfway CDP,10701,4725,10065,4424,10701,10065
2436500,160,24,,,,,,Hampstead town,6323,2500,5060,1851,6323,5060
2436512,160,24,,,,,,Hampton CDP,5052,1940,5004,1935,5052,5004
2436600,160,24,,,,,,Hancock town,1545,821,1725,803,1545,1725
2437600,160,24,,,,,,Havre de Grace city,12952,5875,11331,4904,12952,11331
2437875,160,24,,,,,,Hebron town,1084,457,807,325,1084,807
2437925,160,24,,,,,,Henderson town,146,51,118,46,146,118
2438025,160,24,,,,,,Herald Harbor CDP,2603,1154,2313,1022,2603,2313
2438437,160,24,,,,,,Highfield-Cascade CDP,1112,499,1141,479,1112,1141
2438475,160,24,,,,,,Highland CDP,1034,342,,,1034,
2438500,160,24,,,,,,Highland Beach town,96,74,109,80,96,109
2438850,160,24,,,,,,Hillandale CDP,6043,2085,3054,1110,6043,3054
2438975,160,24,,,,,,Hillcrest Heights CDP,16469,7462,16359,7190,16469,16359
2439175,160,24,,,,,,Hillsboro town,161,75,163,78,161,163
2440700,160,24,,,,,,Hughesville CDP,2197,750,1537,529,2197,1537
2441037,160,24,,,,,,Huntingtown CDP,3311,1053,2436,784,3311,2436
2441125,160,24,,,,,,Hurlock town,2092,903,1874,772,2092,1874
2441175,160,24,,,,,,Hutton CDP,86,38,,,86,
2441250,160,24,,,,,,Hyattsville city,17557,6837,14733,5795,17557,14733
2441475,160,24,,,,,,Ilchester CDP,23476,8809,,,23476,
2441500,160,24,,,,,,Indian Head town,3844,1554,3422,1311,3844,3422
2441700,160,24,,,,,,Indian Springs CDP,64,27,,,64,
2442325,160,24,,,,,,Jarrettsville CDP,2916,1026,2756,918,2916,2756
2442350,160,24,,,,,,Jefferson CDP,2111,822,,,2111,
2442450,160,24,,,,,,Jennings CDP,113,53,,,113,
2442550,160,24,,,,,,Jessup CDP,7137,548,7865,398,7137,7865
2442575,160,24,,,,,,Jesterville CDP,188,104,,,188,
2442875,160,24,,,,,,Joppatowne CDP,12616,5057,11391,4530,12616,11391
2442950,160,24,,,,,,Jugtown CDP,204,75,,,204,
2443100,160,24,,,,,,Keedysville town,1152,407,482,188,1152,482
2443200,160,24,,,,,,Kemp Mill CDP,12564,4664,9956,3448,12564,9956
2443280,160,24,,,,,,Kemps Mill CDP,126,57,,,126,
2443475,160,24,,,,,,Kennedyville CDP,199,97,,,199,
2443500,160,24,,,,,,Kensington town,2213,902,1873,768,2213,1873
2443725,160,24,,,,,,Kent Narrows CDP,567,415,567,358,567,567
2443900,160,24,,,,,,Kettering CDP,12790,5126,11008,3958,12790,11008
2444325,160,24,,,,,,Kingstown CDP,1733,805,1644,719,1733,1644
2444350,160,24,,,,,,Kingsville CDP,4318,1639,4214,1522,4318,4214
2444450,160,24,,,,,,Kitzmiller town,321,158,302,155,321,302
2444525,160,24,,,,,,Klondike CDP,118,48,,,118,
2444715,160,24,,,,,,Konterra CDP,2527,1076,,,2527,
2444817,160,24,,,,,,Lake Arbor CDP,9776,4322,8533,3662,9776,8533
2444975,160,24,,,,,,Lake Shore CDP,19477,7375,13065,4784,19477,13065
2445325,160,24,,,,,,Landover CDP,23078,8645,,,23078,
2445400,160,24,,,,,,Landover Hills town,1687,549,1534,566,1687,1534
2445525,160,24,,,,,,Langley Park CDP,18755,5367,16214,4716,18755,16214
2445550,160,24,,,,,,Lanham CDP,10157,3207,,,10157,
2445650,160,24,,,,,,Lansdowne CDP,8409,3255,,,8409,
2445750,160,24,,,,,,La Plata town,8753,3234,6551,2308,8753,6551
2445825,160,24,,,,,,Largo CDP,10709,4622,8408,3709,10709,8408
2445900,160,24,,,,,,Laurel city,25115,11397,19960,9506,25115,19960
2446075,160,24,,,,,,La Vale CDP,3551,1646,4613,2045,3551,4613
2446150,160,24,,,,,,Layhill CDP,5169,1775,,,5169,
2446250,160,24,,,,,,Laytonsville town,353,133,277,107,353,277
2446375,160,24,,,,,,Leisure World CDP,8749,6391,,,8749,
2446400,160,24,,,,,,Leitersburg CDP,573,241,523,226,573,523
2446475,160,24,,,,,,Leonardtown town,2930,1156,1896,646,2930,1896
2446725,160,24,,,,,,Lexington Park CDP,11626,5124,11021,4630,11626,11021
2446800,160,24,,,,,,Libertytown CDP,950,397,,,950,
2447040,160,24,,,,,,Linganore CDP,8543,2929,,,8543,
2447125,160,24,,,,,,Linthicum CDP,10324,4185,7539,2950,10324,7539
2447275,160,24,,,,,,Little Orleans CDP,42,37,,,42,
2447450,160,24,,,,,,Lochearn CDP,25333,10427,25269,10229,25333,25269
2447525,160,24,,,,,,Loch Lynn Heights town,552,228,469,202,552,469
2447875,160,24,,,,,,Lonaconing town,1214,525,1205,559,1214,1205
2448025,160,24,,,,,,Long Beach CDP,1821,768,,,1821,
2448775,160,24,,,,,,Luke town,65,61,80,58,65,80
2448800,160,24,,,,,,Lusby CDP,1835,717,1666,656,1835,1666
2448875,160,24,,,,,,Lutherville CDP,6504,2785,,,6504,
2449325,160,24,,,,,,McCoole CDP,511,243,,,511,
2449700,160,24,,,,,,Madison CDP,204,114,,,204,
2449950,160,24,,,,,,Manchester town,4808,1713,3329,1176,4808,3329
2450375,160,24,,,,,,Mapleville CDP,238,94,,,238,
2450525,160,24,,,,,,Mardela Springs town,347,160,364,159,347,364
2450680,160,24,,,,,,Marlboro Meadows CDP,3672,1290,,,3672,
2450685,160,24,,,,,,Marlboro Village CDP,9438,3797,,,9438,
2450750,160,24,,,,,,Marlow Heights CDP,5618,2441,6059,2427,5618,6059
2450775,160,24,,,,,,Marlton CDP,9031,3498,7798,2932,9031,7798
2450965,160,24,,,,,,Martin's Additions village,933,329,875,312,933,875
2451025,160,24,,,,,,Marydel town,141,50,147,52,141,147
2451075,160,24,,,,,,Maryland City CDP,16093,6615,6814,2666,16093,6814
2451425,160,24,,,,,,Maugansville CDP,3071,1281,2295,941,3071,2295
2451575,160,24,,,,,,Mayo CDP,8298,3393,3153,1303,8298,3153
2451587,160,24,,,,,,Mays Chapel CDP,11420,4920,11427,4762,11420,11427
2451800,160,24,,,,,,Mechanicsville CDP,1508,550,,,1508,
2451860,160,24,,,,,,Melwood CDP,3051,1324,,,3051,
2451945,160,24,,,,,,Mercersville CDP,130,66,,,130,
2452225,160,24,,,,,,Middleburg CDP,70,26,,,70,
2452300,160,24,,,,,,Middle River CDP,25191,10538,23958,10000,25191,23958
2452425,160,24,,,,,,Middletown town,4136,1569,2668,981,4136,2668
2452475,160,24,,,,,,Midland town,446,214,473,211,446,473
2452525,160,24,,,,,,Midlothian CDP,320,144,,,320,
2452562,160,24,,,,,,Milford Mill CDP,29042,12232,26527,11217,29042,26527
2452825,160,24,,,,,,Millington town,642,256,416,173,642,416
2452975,160,24,,,,,,Mitchellville CDP,10967,3918,9611,3243,10967,9611
2453100,160,24,,,,,,Monrovia CDP,416,148,,,416,
2453325,160,24,,,,,,Montgomery Village CDP,32032,12471,38051,14548,32032,38051
2453625,160,24,,,,,,Morningside town,2015,922,1295,494,2015,1295
2453700,160,24,,,,,,Moscow CDP,240,102,,,240,
2453750,160,24,,,,,,Mount Aetna CDP,561,217,838,292,561,838
2453800,160,24,,,,,,Mountain Lake Park town,2092,954,2248,948,2092,2248
2453875,160,24,,,,,,Mount Airy town,9288,3225,6425,2179,9288,6425
2453925,160,24,,,,,,Mount Briar CDP,160,73,,,160,
2454125,160,24,,,,,,Mount Lena CDP,515,220,501,212,515,501
2454275,160,24,,,,,,Mount Rainier city,8080,3601,8498,3756,8080,8498
2454325,160,24,,,,,,Mount Savage CDP,873,384,,,873,
2454375,160,24,,,,,,Mount Vernon CDP,779,414,761,402,779,761
2454875,160,24,,,,,,Myersville town,1626,553,1382,450,1626,1382
2454925,160,24,,,,,,Nanticoke CDP,225,163,,,225,
2454930,160,24,,,,,,Nanticoke Acres CDP,103,72,,,103,
2455000,160,24,,,,,,National CDP,56,28,,,56,
2455018,160,24,,,,,,National Harbor CDP,3788,1963,,,3788,
2455050,160,24,,,,,,Naval Academy CDP,4802,136,4264,263,4802,4264
2455325,160,24,,,,,,Newark CDP,336,165,339,152,336,339
2455400,160,24,,,,,,New Carrollton city,12135,4256,12589,4749,12135,12589
2455650,160,24,,,,,,New Market town,656,247,427,170,656,427
2455925,160,24,,,,,,New Windsor town,1396,566,1303,522,1396,1303
2455950,160,24,,,,,,Nikep CDP,116,42,,,116,
2456300,160,24,,,,,,North Beach town,1978,1063,1880,895,1978,1880
2456337,160,24,,,,,,North Bethesda CDP,43828,20789,38610,18071,43828,38610
2456375,160,24,,,,,,North Brentwood town,517,183,469,181,517,469
2456400,160,24,,,,,,North Chevy Chase village,519,195,465,176,519,465
2456450,160,24,,,,,,North East town,3572,1651,2733,1215,3572,2733
2456712,160,24,,,,,,North Kensington CDP,9514,3771,8940,3631,9514,8940
2456725,160,24,,,,,,North Laurel CDP,4474,1636,20468,7453,4474,20468
2456875,160,24,,,,,,North Potomac CDP,24410,8178,23044,7002,24410,23044
2457650,160,24,,,,,,Oakland town,1925,1009,1930,918,1925,1930
2458215,160,24,,,,,,Ocean CDP,32,11,,,32,
2458225,160,24,,,,,,Ocean City town,7102,30119,7173,26317,7102,7173
2458275,160,24,,,,,,Ocean Pines CDP,11710,8870,10496,7083,11710,10496
2458300,160,24,,,,,,Odenton CDP,37132,15319,20534,7900,37132,20534
2458775,160,24,,,,,,Oldtown CDP,86,37,,,86,
2458900,160,24,,,,,,Olney CDP,33844,11879,31438,10415,33844,31438
2459325,160,24,,,,,,Overlea CDP,12275,5274,12148,5152,12275,12148
2459375,160,24,,,,,,Owings CDP,2149,679,1325,443,2149,1325
2459425,160,24,,,,,,Owings Mills CDP,30622,13282,20193,9447,30622,20193
2459450,160,24,,,,,,Oxford town,651,574,771,523,651,771
2459500,160,24,,,,,,Oxon Hill CDP,17722,7643,,,17722,
2459787,160,24,,,,,,Paramount-Long Meadow CDP,2571,1001,2722,1010,2571,2722
2460275,160,24,,,,,,Parkville CDP,30734,13482,31118,13550,30734,31118
2460325,160,24,,,,,,Parole CDP,15922,8679,14031,6946,15922,14031
2460425,160,24,,,,,,Parsonsburg CDP,339,149,,,339,
2460475,160,24,,,,,,Pasadena CDP,24287,8911,12093,4534,24287,12093
2460770,160,24,,,,,,Pecktonville CDP,167,71,,,167,
2460950,160,24,,,,,,Peppermill Village CDP,4895,1805,,,4895,
2460975,160,24,,,,,,Perry Hall CDP,28474,11859,28705,11578,28474,28705
2461075,160,24,,,,,,Perryman CDP,2342,1059,2461,1024,2342,2461
2461150,160,24,,,,,,Perryville town,4361,1959,3672,1507,4361,3672
2461400,160,24,,,,,,Pikesville CDP,30764,14323,29123,13391,30764,29123
2461700,160,24,,,,,,Pinesburg CDP,449,193,,,449,
2461875,160,24,,,,,,Piney Point CDP,864,475,,,864,
2462025,160,24,,,,,,Pittsville town,1417,668,1182,506,1417,1182
2462100,160,24,,,,,,Pleasant Grove CDP,353,185,,,353,
2462175,160,24,,,,,,Pleasant Hills CDP,3379,1221,2851,1053,3379,2851
2462475,160,24,,,,,,Pocomoke City city,4184,1894,4098,1764,4184,4098
2462575,160,24,,,,,,Point of Rocks CDP,1466,526,,,1466,
2462675,160,24,,,,,,Pomfret CDP,517,204,,,517,
2462775,160,24,,,,,,Pondsville CDP,158,60,,,158,
2462850,160,24,,,,,,Poolesville town,4883,1663,5151,1630,4883,5151
2463075,160,24,,,,,,Port Deposit town,653,429,676,402,653,676
2463225,160,24,,,,,,Port Tobacco Village town,13,7,15,6,13,15
2463300,160,24,,,,,,Potomac CDP,44965,16642,44822,15960,44965,44822
2463375,160,24,,,,,,Potomac Heights CDP,1117,562,1154,569,1117,1154
2463425,160,24,,,,,,Potomac Park CDP,2530,406,,,2530,
2463725,160,24,,,,,,Powellville CDP,189,86,,,189,
2463825,160,24,,,,,,Preston town,719,295,566,242,719,566
2463950,160,24,,,,,,Prince Frederick CDP,2538,1111,1432,616,2538,1432
2464000,160,24,,,,,,Princess Anne town,3290,1500,2313,1117,3290,2313
2464375,160,24,,,,,,Pylesville CDP,693,242,,,693,
2464475,160,24,,,,,,Quantico CDP,133,55,,,133,
2464495,160,24,,,,,,Queen Anne CDP,1280,438,,,1280,
2464500,160,24,,,,,,Queen Anne town,222,89,176,72,222,176
2464535,160,24,,,,,,Queenland CDP,1929,680,,,1929,
2464600,160,24,,,,,,Queenstown town,664,294,617,279,664,617
2464950,160,24,,,,,,Randallstown CDP,32430,12634,30870,11900,32430,30870
2465150,160,24,,,,,,Rawlings CDP,693,300,,,693,
2465312,160,24,,,,,,Redland CDP,17242,5596,16998,5425,17242,16998
2465550,160,24,,,,,,Reid CDP,54,22,,,54,
2465600,160,24,,,,,,Reisterstown CDP,25968,10594,22438,9081,25968,22438
2466000,160,24,,,,,,Ridgely town,1639,667,1352,553,1639,1352
2466150,160,24,,,,,,Ringgold CDP,166,72,,,166,
2466275,160,24,,,,,,Rising Sun town,2781,1137,1702,716,2781,1702
2466400,160,24,,,,,,Riva CDP,4076,1569,3966,1453,4076,3966
2466635,160,24,,,,,,Riverdale Park town,6956,2058,6690,2321,6956,6690
2466762,160,24,,,,,,Riverside CDP,6425,2579,6128,2466,6425,6128
2466850,160,24,,,,,,Riviera Beach CDP,12677,5098,12695,4950,12677,12695
2467000,160,24,,,,,,Robinwood CDP,6918,3044,4731,1985,6918,4731
2467400,160,24,,,,,,Rock Hall town,1310,930,1396,834,1310,1396
2467500,160,24,,,,,,Rock Point CDP,107,59,,,107,
2467675,160,24,,,,,,Rockville city,61209,25199,47388,17786,61209,47388
2467950,160,24,,,,,,Rohrersville CDP,175,69,170,64,175,170
2468300,160,24,,,,,,Rosaryville CDP,10697,3625,12322,4267,10697,12322
2468400,160,24,,,,,,Rosedale CDP,19257,7606,19199,7518,19257,19199
2468600,160,24,,,,,,Rosemont village,294,118,273,106,294,273
2468700,160,24,,,,,,Rossville CDP,15147,6524,11515,5157,15147,11515
2469200,160,24,,,,,,Sabillasville CDP,354,149,,,354,
2469425,160,24,,,,,,St. George Island CDP,257,157,,,257,
2469550,160,24,,,,,,St. James CDP,2953,1084,1657,655,2953,1657
2469675,160,24,,,,,,St. Leonard CDP,742,252,536,178,742,536
2469825,160,24,,,,,,St. Michaels town,1029,711,1193,671,1029,1193
2469925,160,24,,,,,,Salisbury city,30343,13401,23743,9612,30343,23743
2470175,160,24,,,,,,Sandy Hook CDP,188,81,,,188,
2470300,160,24,,,,,,San Mar CDP,384,144,515,178,384,515
2470475,160,24,,,,,,Savage CDP,7054,2778,,,7054,
2470530,160,24,,,,,,Scaggsville CDP,24333,8795,,,24333,
2470775,160,24,,,,,,Seabrook CDP,17287,6195,,,17287,
2470850,160,24,,,,,,Seat Pleasant city,4542,1806,4885,1806,4542,4885
2470900,160,24,,,,,,Secretary town,535,234,503,218,535,503
2471150,160,24,,,,,,Severn CDP,44231,16469,35076,12362,44231,35076
2471200,160,24,,,,,,Severna Park CDP,37634,13551,28507,9945,37634,28507
2471450,160,24,,,,,,Shady Side CDP,5803,2588,5559,2306,5803,5559
2471460,160,24,,,,,,Shaft CDP,235,96,,,235,
2471600,160,24,,,,,,Sharpsburg town,705,325,691,304,705,691
2471650,160,24,,,,,,Sharptown town,651,290,649,283,651,649
2472350,160,24,,,,,,Silver Hill CDP,5950,2714,,,5950,
2472450,160,24,,,,,,Silver Spring CDP,71452,30522,76540,31208,71452,76540
2472887,160,24,,,,,,Smith Island CDP,276,255,364,256,276,364
2472900,160,24,,,,,,Smithsburg town,2975,1082,2146,763,2975,2146
2473075,160,24,,,,,,Snow Hill town,2103,1005,2409,964,2103,2409
2473325,160,24,,,,,,Solomons CDP,2368,1531,1536,881,2368,1536
2473350,160,24,,,,,,Somerset town,1216,423,1124,419,1216,1124
2473600,160,24,,,,,,South Kensington CDP,8462,3211,7887,3120,8462,7887
2473650,160,24,,,,,,South Laurel CDP,26112,10502,20479,8621,26112,20479
2474050,160,24,,,,,,Spencerville CDP,1594,538,,,1594,
2474282,160,24,,,,,,Springdale CDP,2994,949,2645,862,2994,2645
2474350,160,24,,,,,,Spring Gap CDP,55,34,,,55,
2474560,160,24,,,,,,Spring Ridge CDP,5795,2146,,,5795,
2475025,160,24,,,,,,Stevensville CDP,6803,2644,5880,2165,6803,5880
2475200,160,24,,,,,,Stockton CDP,92,59,143,55,92,143
2475650,160,24,,,,,,Sudlersville town,497,244,391,178,497,391
2475725,160,24,,,,,,Suitland CDP,25825,10805,,,25825,
2475810,160,24,,,,,,Summerfield CDP,10898,5725,,,10898,
2476450,160,24,,,,,,Swanton CDP,58,34,,,58,
2476550,160,24,,,,,,Sykesville town,4436,1474,4197,1420,4436,4197
2476650,160,24,,,,,,Takoma Park city,16715,7162,17299,7187,16715,17299
2476675,160,24,,,,,,Tall Timbers CDP,462,257,,,462,
2476725,160,24,,,,,,Taneytown city,6728,2554,5128,1848,6728,5128
2476925,160,24,,,,,,Taylors Island CDP,173,149,,,173,
2477100,160,24,,,,,,Temple Hills CDP,7852,3544,7792,3388,7852,7792
2477200,160,24,,,,,,Templeville town,138,43,80,37,138,80
2477825,160,24,,,,,,Thurmont town,6170,2498,5588,2193,6170,5588
2477912,160,24,,,,,,Tilghman Island CDP,784,632,854,560,784,854
2477925,160,24,,,,,,Tilghmanton CDP,465,183,,,465,
2478050,160,24,,,,,,Timonium CDP,9925,4139,,,9925,
2478120,160,24,,,,,,Tolchester CDP,329,221,,,329,
2478425,160,24,,,,,,Towson CDP,55197,22779,51793,21997,55197,51793
2478575,160,24,,,,,,Trappe town,1077,491,1146,450,1077,1146
2478650,160,24,,,,,,Travilah CDP,12159,3950,7442,2447,12159,7442
2478705,160,24,,,,,,Trego-Rohrersville Station CDP,172,64,,,172,
2479225,160,24,,,,,,Tyaskin CDP,236,139,,,236,
2479350,160,24,,,,,,Union Bridge town,975,429,989,409,975,989
2479675,160,24,,,,,,University Park town,2548,919,2318,898,2548,2318
2479875,160,24,,,,,,Upper Marlboro town,631,310,648,309,631,648
2479900,160,24,,,,,,Urbana CDP,9175,2936,,,9175,
2480075,160,24,,,,,,Vale Summit CDP,139,59,,,139,
2480600,160,24,,,,,,Vienna town,271,143,280,138,271,280
2481175,160,24,,,,,,Waldorf CDP,67752,25496,22312,7827,67752,22312
2481250,160,24,,,,,,Walker Mill CDP,11302,4564,11104,4219,11302,11104
2481275,160,24,,,,,,Walkersville town,5800,2206,5192,1793,5800,5192
2481675,160,24,,,,,,Washington Grove town,555,242,515,209,555,515
2481925,160,24,,,,,,Waterview CDP,40,36,,,40,
2482625,160,24,,,,,,West Denton CDP,52,29,,,52,
2482750,160,24,,,,,,Westernport town,1888,1006,2104,1056,1888,2104
2483025,160,24,,,,,,West Laurel CDP,4230,1509,4083,1461,4230,4083
2483100,160,24,,,,,,Westminster city,18590,7684,16731,6755,18590,16731
2483225,160,24,,,,,,West Ocean City CDP,4375,2701,3311,2075,4375,3311
2483290,160,24,,,,,,Westphalia CDP,7266,2755,,,7266,
2483337,160,24,,,,,,West Pocomoke CDP,454,251,498,239,454,498
2483746,160,24,,,,,,Whaleyville CDP,149,66,124,64,149,124
2483775,160,24,,,,,,Wheaton CDP,48284,15396,,,48284,
2484225,160,24,,,,,,Whitehaven CDP,43,37,,,43,
2484350,160,24,,,,,,White Marsh CDP,9513,3794,8485,3420,9513,8485
2484375,160,24,,,,,,White Oak CDP,17403,6865,20973,8139,17403,20973
2484950,160,24,,,,,,Willards town,958,398,938,386,958,938
2485100,160,24,,,,,,Williamsport town,2137,1080,1868,836,2137,1868
2485175,160,24,,,,,,Williston CDP,155,68,,,155,
2485395,160,24,,,,,,Wilson-Conococheague CDP,2282,920,1885,752,2282,1885
2486275,160,24,,,,,,Woodland CDP,113,44,,,113,
2486475,160,24,,,,,,Woodlawn CDP,37879,15417,36079,14547,37879,36079
2486525,160,24,,,,,,Woodlawn CDP,6334,1886,6251,2183,6334,6251
2486710,160,24,,,,,,Woodmore CDP,3936,1406,6077,2019,3936,6077
2486750,160,24,,,,,,Woodsboro town,1141,443,846,295,1141,846
2487000,160,24,,,,,,Worton CDP,249,117,,,249,
2487150,160,24,,,,,,Yarrowsburg CDP,133,65,,,133,
2487275,160,24,,,,,,Zihlman CDP,362,172,,,362,
